"Year","Emissions","State"
"2012","6.2","Hamburg"
"2011","6.4","Hamburg"
"2010","6.4","Hamburg"
"2009","5.8","Hamburg"
"2008","5.7","Hamburg"
"2007","5.7","Hamburg"
"2006","6","Hamburg"
"2005","6.6","Hamburg"
"2004","6.3","Hamburg"
"2003","6.7","Hamburg"
"1997","7.8","Hamburg"
"1996","8.1","Hamburg"
"1995","7.5","Hamburg"
"1994","7.4","Hamburg"
"1993","7.8","Hamburg"
"1992","7.5","Hamburg"
"1991","8.3","Hamburg"
"1990","7.4","Hamburg"
"2012","6.2","Baden-Württemberg"
"2011","6.3","Baden-Württemberg"
"2010","6.2","Baden-Württemberg"
"2009","6.1","Baden-Württemberg"
"2008","6.7","Baden-Württemberg"
"2007","6.5","Baden-Württemberg"
"2006","7.2","Baden-Württemberg"
"2005","7.1","Baden-Württemberg"
"2004","6.9","Baden-Württemberg"
"2003","7","Baden-Württemberg"
"2002","7.1","Baden-Württemberg"
"2001","7.5","Baden-Württemberg"
"2000","7.1","Baden-Württemberg"
"1999","7.3","Baden-Württemberg"
"1998","7.6","Baden-Württemberg"
"1997","7.5","Baden-Württemberg"
"1996","7.9","Baden-Württemberg"
"1995","7.5","Baden-Württemberg"
"1994","7.2","Baden-Württemberg"
"1993","7.7","Baden-Württemberg"
"1992","7.7","Baden-Württemberg"
"1991","7.9","Baden-Württemberg"
"1990","7.6","Baden-Württemberg"
"2012","5.4","Berlin"
"2011","5.1","Berlin"
"2010","5.5","Berlin"
"2009","5","Berlin"
"2008","5.2","Berlin"
"2007","4.9","Berlin"
"2006","5.6","Berlin"
"2005","5.7","Berlin"
"2004","5.8","Berlin"
"2003","6.1","Berlin"
"2002","6.1","Berlin"
"2001","6.9","Berlin"
"2000","6.8","Berlin"
"1999","6.8","Berlin"
"1998","6.6","Berlin"
"1997","6.7","Berlin"
"1996","7","Berlin"
"1995","6.9","Berlin"
"1994","7.3","Berlin"
"1993","7.6","Berlin"
"1992","7.2","Berlin"
"1991","8","Berlin"
"1990","7.8","Berlin"
"2012","5.9","Bayern"
"2011","6","Bayern"
"2010","6.1","Bayern"
"2009","5.9","Bayern"
"2008","6.1","Bayern"
"2007","5.7","Bayern"
"2006","6.3","Bayern"
"2005","6.2","Bayern"
"2004","6.4","Bayern"
"2003","6.6","Bayern"
"2002","6.7","Bayern"
"2001","7.2","Bayern"
"2000","7.1","Bayern"
"1999","7.3","Bayern"
"1998","7.5","Bayern"
"1997","7.3","Bayern"
"1996","7.5","Bayern"
"1995","7.3","Bayern"
"1994","7.3","Bayern"
"1993","7.5","Bayern"
"1992","7.4","Bayern"
"1991","7.6","Bayern"
"1990","7.3","Bayern"
"2012","23.4","Brandenburg"
"2011","22.8","Brandenburg"
"2010","22","Brandenburg"
"2009","20.9","Brandenburg"
"2008","22.2","Brandenburg"
"2007","22.7","Brandenburg"
"2006","22.7","Brandenburg"
"2005","23.3","Brandenburg"
"2004","22.8","Brandenburg"
"2003","22.4","Brandenburg"
"2002","23.6","Brandenburg"
"2001","23.3","Brandenburg"
"2000","23.1","Brandenburg"
"1999","22.2","Brandenburg"
"1998","22.9","Brandenburg"
"1997","19.7","Brandenburg"
"1996","19.7","Brandenburg"
"1995","19.9","Brandenburg"
"1994","21.2","Brandenburg"
"1993","22.3","Brandenburg"
"1992","23.1","Brandenburg"
"1991","26","Brandenburg"
"1990","31.6","Brandenburg"
"2012","20.6","Bremen"
"2011","20.2","Bremen"
"2010","21","Bremen"
"2009","18.8","Bremen"
"2008","19.6","Bremen"
"2007","20.4","Bremen"
"2006","19","Bremen"
"2005","18.3","Bremen"
"2004","19.6","Bremen"
"2003","22","Bremen"
"2002","21.1","Bremen"
"2001","21.2","Bremen"
"2000","21.1","Bremen"
"1999","19.1","Bremen"
"1998","20.5","Bremen"
"1997","20.8","Bremen"
"1996","20.9","Bremen"
"1995","19.3","Bremen"
"1994","19.4","Bremen"
"1993","18.2","Bremen"
"1992","18.8","Bremen"
"1991","19.8","Bremen"
"1990","19.7","Bremen"
"2012","6.1","Hessen"
"2011","6.1","Hessen"
"2010","6.3","Hessen"
"2009","6.2","Hessen"
"2008","6.4","Hessen"
"2007","6.4","Hessen"
"2006","6.8","Hessen"
"2005","6.9","Hessen"
"2004","7","Hessen"
"2003","7.2","Hessen"
"2002","7.1","Hessen"
"2001","7.6","Hessen"
"2000","7.3","Hessen"
"1999","7.2","Hessen"
"1998","7.7","Hessen"
"1997","7.7","Hessen"
"1996","8.2","Hessen"
"1995","7.7","Hessen"
"1994","7.8","Hessen"
"1993","7.9","Hessen"
"1992","7.6","Hessen"
"1991","7.9","Hessen"
"1990","7.4","Hessen"
"2010","6.6","Mecklenburg-Vorpommern"
"2009","5.7","Mecklenburg-Vorpommern"
"2008","6.5","Mecklenburg-Vorpommern"
"2007","6","Mecklenburg-Vorpommern"
"2006","6.5","Mecklenburg-Vorpommern"
"2005","6.1","Mecklenburg-Vorpommern"
"2004","6.4","Mecklenburg-Vorpommern"
"2003","6","Mecklenburg-Vorpommern"
"2002","6.2","Mecklenburg-Vorpommern"
"2001","6.1","Mecklenburg-Vorpommern"
"2000","5.8","Mecklenburg-Vorpommern"
"1999","5.9","Mecklenburg-Vorpommern"
"1998","5.8","Mecklenburg-Vorpommern"
"1997","5.9","Mecklenburg-Vorpommern"
"1996","6.4","Mecklenburg-Vorpommern"
"1995","5.6","Mecklenburg-Vorpommern"
"1994","5.2","Mecklenburg-Vorpommern"
"1993","5.1","Mecklenburg-Vorpommern"
"1992","5","Mecklenburg-Vorpommern"
"1991","5.6","Mecklenburg-Vorpommern"
"1990","8","Mecklenburg-Vorpommern"
"1990","10.5","Niedersachsen"
"1991","11.1","Niedersachsen"
"1994","10.2","Niedersachsen"
"1996","10","Niedersachsen"
"1998","10.2","Niedersachsen"
"2000","9.3","Niedersachsen"
"2002","9","Niedersachsen"
"2004","8.7","Niedersachsen"
"2006","8.7","Niedersachsen"
"2008","8.6","Niedersachsen"
"2009","8.2","Niedersachsen"
"2010","8.5","Niedersachsen"
"2011","8.5","Niedersachsen"
"2012","6.3","Rheinland-Pfalz"
"2011","6.3","Rheinland-Pfalz"
"2010","6.7","Rheinland-Pfalz"
"2009","6.4","Rheinland-Pfalz"
"2008","6.7","Rheinland-Pfalz"
"2007","6.2","Rheinland-Pfalz"
"2006","6.5","Rheinland-Pfalz"
"2005","6.4","Rheinland-Pfalz"
"2004","6.4","Rheinland-Pfalz"
"2003","6.5","Rheinland-Pfalz"
"2002","6.9","Rheinland-Pfalz"
"2001","7.3","Rheinland-Pfalz"
"2000","7.2","Rheinland-Pfalz"
"1999","7.5","Rheinland-Pfalz"
"1998","7.8","Rheinland-Pfalz"
"1997","7.9","Rheinland-Pfalz"
"1996","7.9","Rheinland-Pfalz"
"1995","7.9","Rheinland-Pfalz"
"1994","7.7","Rheinland-Pfalz"
"1993","7.7","Rheinland-Pfalz"
"1992","7.5","Rheinland-Pfalz"
"1991","7.8","Rheinland-Pfalz"
"1990","7.3","Rheinland-Pfalz"
"2012","11.7","Sachsen"
"2011","11.2","Sachsen"
"2010","11.4","Sachsen"
"2009","11.1","Sachsen"
"2008","10.9","Sachsen"
"2007","11","Sachsen"
"2006","11.3","Sachsen"
"2005","10.9","Sachsen"
"2004","11.2","Sachsen"
"2003","11.4","Sachsen"
"2002","11.2","Sachsen"
"2001","11","Sachsen"
"2000","9.3","Sachsen"
"1999","7.8","Sachsen"
"1998","8.2","Sachsen"
"1997","11.3","Sachsen"
"1996","12.3","Sachsen"
"1995","13.4","Sachsen"
"1994","13.7","Sachsen"
"1993","14.3","Sachsen"
"1992","13.7","Sachsen"
"1991","16.3","Sachsen"
"1990","19.1","Sachsen"
"2012","6.3","Schleswig-Holstein"
"2011","6.1","Schleswig-Holstein"
"2010","6.7","Schleswig-Holstein"
"2009","6.5","Schleswig-Holstein"
"2008","6.6","Schleswig-Holstein"
"2007","6","Schleswig-Holstein"
"2006","6.8","Schleswig-Holstein"
"2005","6.8","Schleswig-Holstein"
"2004","7.2","Schleswig-Holstein"
"2003","7.6","Schleswig-Holstein"
"2002","7.6","Schleswig-Holstein"
"2001","8.1","Schleswig-Holstein"
"2000","7.7","Schleswig-Holstein"
"1999","7.9","Schleswig-Holstein"
"1998","8.1","Schleswig-Holstein"
"1997","8.2","Schleswig-Holstein"
"1996","8.6","Schleswig-Holstein"
"1995","8.4","Schleswig-Holstein"
"1994","9","Schleswig-Holstein"
"1993","9.2","Schleswig-Holstein"
"1992","9","Schleswig-Holstein"
"1991","9","Schleswig-Holstein"
"1990","9.3","Schleswig-Holstein"
"2012","12.2","Sachsen-Anhalt"
"2011","11.9","Sachsen-Anhalt"
"2010","11.7","Sachsen-Anhalt"
"2009","11.7","Sachsen-Anhalt"
"2008","11.3","Sachsen-Anhalt"
"2007","10.9","Sachsen-Anhalt"
"2006","11.3","Sachsen-Anhalt"
"2005","11.2","Sachsen-Anhalt"
"2004","10.8","Sachsen-Anhalt"
"2003","11.1","Sachsen-Anhalt"
"2002","10.7","Sachsen-Anhalt"
"2001","10.3","Sachsen-Anhalt"
"2000","10","Sachsen-Anhalt"
"1999","10.1","Sachsen-Anhalt"
"1998","9.4","Sachsen-Anhalt"
"1997","9.3","Sachsen-Anhalt"
"1996","9.4","Sachsen-Anhalt"
"1995","9.2","Sachsen-Anhalt"
"1994","9.5","Sachsen-Anhalt"
"1993","10","Sachsen-Anhalt"
"1992","11.4","Sachsen-Anhalt"
"1991","13.4","Sachsen-Anhalt"
"1990","17.6","Sachsen-Anhalt"
"2012","4.8","Thüringen"
"2011","4.6","Thüringen"
"2010","4.8","Thüringen"
"2009","4.7","Thüringen"
"2008","4.8","Thüringen"
"2007","4.5","Thüringen"
"2006","4.8","Thüringen"
"2005","4.9","Thüringen"
"2004","5","Thüringen"
"2003","5","Thüringen"
"2002","5","Thüringen"
"2001","5.1","Thüringen"
"2000","4.9","Thüringen"
"1999","5","Thüringen"
"1998","5.1","Thüringen"
"1997","5.2","Thüringen"
"1996","5.5","Thüringen"
"1995","5.3","Thüringen"
"1994","5.5","Thüringen"
"1993","6.4","Thüringen"
"1992","7.3","Thüringen"
"1991","8.5","Thüringen"
"1990","10.7","Thüringen"
"2012","21.6","Saarland"
"2011","20.7","Saarland"
"2010","18.7","Saarland"
"2009","17.9","Saarland"
"2008","22.2","Saarland"
"2007","24.7","Saarland"
"2006","22.5","Saarland"
"2005","23.5","Saarland"
"2004","22.6","Saarland"
"2003","21.9","Saarland"
"2002","21.5","Saarland"
"2001","21.7","Saarland"
"2000","21.9","Saarland"
"1999","21.3","Saarland"
"1998","22.1","Saarland"
"1997","20.1","Saarland"
"1996","22","Saarland"
"1995","21.3","Saarland"
"1994","22.4","Saarland"
"1993","21.4","Saarland"
"1992","22.6","Saarland"
"1991","24","Saarland"
"1990","22.1","Saarland"
